Jeep,Wrangler,2007,JK 2 Door
Jeep,Wrangler,2007,JKU 4 Door
Jeep,Wrangler,2008,JK 2 Door
Jeep,Wrangler,2008,JKU 4 Door
Jeep,Wrangler,2009,JK 2 Door
Jeep,Wrangler,2009,JKU 4 Door
Jeep,Wrangler,2010,JK 2 Door
Jeep,Wrangler,2010,JKU 4 Door
Jeep,Wrangler,2011,JK 2 Door
Jeep,Wrangler,2011,JKU 4 Door
Jeep,Wrangler,2012,JK 2 Door
Jeep,Wrangler,2012,JKU 4 Door
Jeep,Wrangler,2013,JK 2 Door
Jeep,Wrangler,2013,JKU 4 Door
Jeep,Wrangler,2014,JK 2 Door
Jeep,Wrangler,2014,JKU 4 Door
Jeep,Wrangler,2015,JK 2 Door
Jeep,Wrangler,2015,JKU 4 Door
Jeep,Wrangler,2016,JK 2 Door
Jeep,Wrangler,2016,JKU 4 Door
Jeep,Wrangler,2017,JK 2 Door
Jeep,Wrangler,2017,JKU 4 Door
Jeep,Wrangler,2018,JK 2 Door
Jeep,Wrangler,2018,JKU 4 Door
Jeep,Wrangler,2018,JL 2 Door
Jeep,Wrangler,2018,JLU 4 Door
Jeep,Wrangler,2019,JL 2 Door
Jeep,Wrangler,2019,JLU 4 Door
Jeep,Wrangler,2020,JL 2 Door
Jeep,Wrangler,2020,JLU 4 Door
Jeep,Wrangler,Universal,Universal